variant,step,train_mse,val_mse,elapsed_s,sigreg,token_std,probe
r1,500,0.260984,0.164025,37,5.75231,0.89732,
r1,1000,0.148367,0.139967,70,5.71896,0.90265,
r1,1500,0.120175,0.126281,105,4.40840,0.91759,
r1,2000,0.106556,0.128496,138,4.22294,0.92535,
r1,2500,0.098089,0.118803,172,3.38792,0.93479,
r1,3000,0.090031,0.112921,205,3.29779,0.93874,
r1,3500,0.080068,0.109282,240,2.84385,0.94104,
r1,4000,0.074419,0.106112,273,2.56088,0.94665,
r1,4500,0.070572,0.101707,307,2.35533,0.94741,
r1,5000,0.066422,0.095034,340,2.32139,0.94940,
r1,5500,0.063175,0.096243,376,2.46555,0.94999,
r1,6000,0.059773,0.089708,409,2.35381,0.95027,
r1,6500,0.056856,0.091490,443,2.86488,0.94711,
r1,7000,0.053444,0.087022,476,2.19508,0.95122,
r1,7500,0.051150,0.087212,511,2.23664,0.95010,
r1,8000,0.048454,0.083868,544,2.22352,0.95265,
r1,8500,0.046602,0.082216,579,2.06190,0.95282,
r1,9000,0.043746,0.081979,612,2.46490,0.95053,
r1,9500,0.043387,0.084013,646,1.94610,0.95464,
r1,10000,0.041905,0.080426,694,2.25147,0.95183,20
r1,10500,0.040357,0.078554,730,1.94441,0.95343,
r1,11000,0.039143,0.078659,763,1.98430,0.95386,
r1,11500,0.038102,0.076563,798,2.00462,0.95239,
r1,12000,0.037215,0.075693,831,2.24436,0.95146,
r1,12500,0.036212,0.072099,866,1.90364,0.95310,
r1,13000,0.035382,0.073717,899,1.82593,0.95467,
r1,13500,0.034147,0.075773,934,1.66025,0.95661,
r1,14000,0.033645,0.072079,967,1.69712,0.95314,
r1,14500,0.032932,0.071425,1003,1.90551,0.95625,
r1,15000,0.031665,0.066962,1036,1.71729,0.95654,
r1,15500,0.031442,0.067262,1070,2.07121,0.95373,
r1,16000,0.030656,0.067374,1103,1.85489,0.95387,
r1,16500,0.030266,0.066110,1138,1.72771,0.95296,
r1,17000,0.029492,0.062366,1171,1.66252,0.95329,
r1,17500,0.028887,0.066040,1205,1.76445,0.95302,
r1,18000,0.028267,0.065594,1238,1.64357,0.95650,
r1,18500,0.027825,0.063754,1273,1.76782,0.95579,
r1,19000,0.027242,0.065071,1305,1.72959,0.95859,
r1,19500,0.026964,0.059349,1341,1.69605,0.95203,
r1,20000,0.026486,0.064008,1374,1.70970,0.95193,
r1,20500,0.026434,0.062860,1409,2.04163,0.95418,
r1,21000,0.025981,0.063233,1442,1.80648,0.95401,
r1,21500,0.025351,0.064667,1477,1.65925,0.94909,
r1,22000,0.025527,0.057676,1510,1.55657,0.95451,
r1,22500,0.024732,0.061273,1545,1.64786,0.95416,
r1,23000,0.024534,0.061737,1578,1.56414,0.95191,
r1,23500,0.024003,0.058417,1612,1.95130,0.95257,
r1,24000,0.024052,0.058652,1645,1.74815,0.95121,
r1,24500,0.023543,0.058406,1681,1.66387,0.94710,
r1,25000,0.023289,0.057145,1714,1.71142,0.94720,
r1,25500,0.023289,0.055956,1749,1.61619,0.95421,
r1,26000,0.022620,0.059508,1781,1.54393,0.95424,
r1,26500,0.022525,0.057014,1817,1.66928,0.95459,
r1,27000,0.022382,0.057745,1850,1.77397,0.94769,
r1,27500,0.021740,0.058333,1885,1.63820,0.95014,
r1,28000,0.021582,0.055566,1918,1.68794,0.94896,
r1,28500,0.021675,0.056795,1953,1.58206,0.95550,
r1,29000,0.021267,0.053242,1986,1.52335,0.95190,
r1,29500,0.021171,0.059358,2020,1.43126,0.95295,
r1,30000,0.021129,0.053273,2068,1.53214,0.95038,30
