variant,step,train_mse,val_mse,elapsed_s
g2,500,0.805424,0.498553,9
g2,1000,0.331289,0.199556,17
g2,1500,0.140952,0.092924,27
g2,2000,0.078815,0.061070,36
g2,2500,0.059014,0.053254,46
g2,3000,0.052237,0.050488,55
g2,3500,0.049040,0.046795,66
g2,4000,0.046550,0.047183,74
g2,4500,0.045090,0.045261,84
g2,5000,0.043369,0.045180,93
g2,5500,0.042661,0.046574,103
g2,6000,0.042141,0.046189,112
g2,6500,0.041294,0.042609,123
g2,7000,0.040017,0.043176,131
g2,7500,0.039238,0.044011,141
g2,8000,0.039329,0.044322,150
g2,8500,0.038257,0.041808,159
g2,9000,0.037542,0.042864,168
g2,9500,0.037087,0.044367,179
g2,10000,0.036807,0.041353,188
g2,10500,0.036146,0.040672,199
g2,11000,0.035472,0.041803,208
g2,11500,0.035326,0.039469,219
g2,12000,0.035360,0.041539,228
g2,12500,0.034410,0.040486,244
g2,13000,0.034311,0.040349,252
g2,13500,0.033799,0.041274,263
g2,14000,0.033162,0.040389,271
g2,14500,0.033037,0.039704,281
g2,15000,0.032773,0.041037,289
g2,15500,0.032688,0.040204,300
g2,16000,0.032415,0.040626,308
g2,16500,0.032172,0.039960,318
g2,17000,0.031930,0.037585,326
g2,17500,0.031525,0.037969,339
g2,18000,0.031178,0.040706,347
g2,18500,0.031163,0.040203,360
g2,19000,0.030924,0.038927,368
g2,19500,0.030572,0.040089,381
g2,20000,0.030236,0.038321,389
g2,20500,0.030426,0.038153,399
g2,21000,0.030042,0.039182,408
g2,21500,0.029539,0.038586,417
g2,22000,0.029456,0.037960,425
g2,22500,0.029526,0.039310,436
g2,23000,0.029335,0.036787,444
g2,23500,0.029049,0.039364,455
g2,24000,0.029608,0.038307,463
g2,24500,0.028757,0.037114,474
g2,25000,0.028530,0.036368,482
g2,25500,0.028668,0.037752,496
g2,26000,0.028317,0.036704,505
g2,26500,0.028137,0.037264,515
g2,27000,0.028003,0.035615,524
g2,27500,0.027852,0.037920,533
g2,28000,0.027665,0.038098,541
g2,28500,0.027468,0.036758,551
g2,29000,0.027449,0.036615,559
g2,29500,0.027923,0.037312,571
g2,30000,0.028170,0.037653,579
