run_id,date,git_commit,swm_version,gpu,env,method,encoder,layer,pooling,tokens_per_frame,feat_dim,train_episodes,cem_samples,cem_iters,horizon,precision,compiled,seed,n_episodes,success_rate,time_per_replan_median_s,time_encode_s,time_predictor_s,time_cem_other_s,notes
lewm_tworoom_seed42_20261005-225429,2026-10-05,,0.1.1,Tesla T4,tworoom,lewm,vit-tiny (end-to-end),last,none,1,192,,300,30,5,fp32,False,42,50,86.0,2.061,,,,dataset=tworoom; mean_replan_s=2.062; wall_s=160; replans=58
dinowm_noprop_tworoom_seed42_20261005-233631,2026-10-05,,0.1.1,Tesla T4,tworoom,dinowm_noprop,dinov2_vits14 (frozen),last,none,196,384,,300,30,5,fp16,False,42,10,100.0,251.7,,,,dataset=tworoom; mean_replan_s=251.700; wall_s=2522; replans=10
lewm_tworoom_seed42_20261006-113332,2026-10-06,,0.1.1,NVIDIA A100-SXM4-40GB,tworoom,lewm,vit-tiny (end-to-end),last,none,1,192,,300,30,5,fp32,False,42,50,86.0,0.711,,,,dataset=tworoom; mean_replan_s=0.711; wall_s=63; replans=58
dinowm_noprop_tworoom_seed42_20261006-121248,2026-10-06,,0.1.1,NVIDIA A100-SXM4-40GB,tworoom,dinowm_noprop,dinov2_vits14 (frozen),last,none,196,384,,300,30,5,fp16,False,42,50,100.0,44.981,,,,dataset=tworoom; mean_replan_s=44.976; wall_s=2356; replans=52
pooled_cls_tworoom_seed42_20261006-122935,2026-10-06,,0.1.1,NVIDIA A100-SXM4-40GB,tworoom,pooled_cls,dinov2_vits14 (frozen),last,cls,1,384,1800,300,30,5,fp32,False,42,50,92.0,0.719,,,,dataset=tworoom; checkpoint=tworoom_ep2000_step30000; val_mse=0.0047; mean_replan_s=0.736; wall_s=62; replans=56
pooled_mean_tworoom_seed42_20261006-123032,2026-10-06,,0.1.1,NVIDIA A100-SXM4-40GB,tworoom,pooled_mean,dinov2_vits14 (frozen),last,mean,1,384,1800,300,30,5,fp32,False,42,50,96.0,0.7,,,,dataset=tworoom; checkpoint=tworoom_ep2000_step30000; val_mse=0.0022; mean_replan_s=0.696; wall_s=57; replans=55
pooled_g2_tworoom_seed42_20261006-123212,2026-10-06,,0.1.1,NVIDIA A100-SXM4-40GB,tworoom,pooled_g2,dinov2_vits14 (frozen),last,g2,4,384,1800,300,30,5,fp32,False,42,50,100.0,1.536,,,,dataset=tworoom; checkpoint=tworoom_ep2000_step30000; val_mse=0.0030; mean_replan_s=1.533; wall_s=100; replans=53
pooled_g4_tworoom_seed42_20261006-123626,2026-10-06,,0.1.1,NVIDIA A100-SXM4-40GB,tworoom,pooled_g4,dinov2_vits14 (frozen),last,g4,16,384,1800,300,30,5,fp32,False,42,50,100.0,4.812,,,,dataset=tworoom; checkpoint=tworoom_ep2000_step30000; val_mse=0.0036; mean_replan_s=4.812; wall_s=255; replans=50
pooled_g7_tworoom_seed42_20261006-124906,2026-10-06,,0.1.1,NVIDIA A100-SXM4-40GB,tworoom,pooled_g7,dinov2_vits14 (frozen),last,g7,49,384,1800,300,30,5,fp32,False,42,50,100.0,14.906,,,,dataset=tworoom; checkpoint=tworoom_ep2000_step30000; val_mse=0.0051; mean_replan_s=14.906; wall_s=759; replans=50
